{"expression":{"0":"neutral","1":"happiness","2":"anger","3":"sadness","4":"surprise","5":"fear","6":"disguest"},"total_count":{"0":64645,"1":16174,"2":14719,"3":1554,"4":172,"5":28,"6":2},"photos_occuring":{"0":11039,"1":5694,"2":5526,"3":1225,"4":160,"5":27,"6":2},"ratio":{"0":5.8560558022,"1":2.8405338953,"2":2.6635903004,"3":1.2685714286,"4":1.075,"5":1.037037037,"6":1.0}}